{
  "flights": [
    {
      "from": "Bangalore",
      "to": "Pune",
      "date": "12/11/2024",
      "id": 1
    },
    {
      "id": 2,
      "from": "Delhi",
      "to": "Mumbai",
      "date": "12/09/2023"
    },
    {
      "from": "Bombay",
      "to": "Delhi",
      "date": "11/12/2023",
      "id": 3
    },
    {
      "from": "Pune",
      "to": "Bangalore",
      "date": "11/12/2023",
      "id": 5
    },
    {
      "id": "4",
      "from": "Hyderabad",
      "to": "Patna",
      "date": "2023-08-23"
    },
    {
      "id": "6",
      "from": "Bangalore",
      "to": "Hyderabad",
      "date": "2023-08-25"
    },
    {
      "id": "7",
      "from": "Gurgaon",
      "to": "Hyderabad",
      "date": "2023-08-30"
    }
  ]
}